name,number
Text-E03sgUre8e,0
Text-y6A-z0psy5,1
Text-yZxAWA_jWg,2
Text-DXtZ6rxR_t,3
Text-7CNOg2Ijg-,4
Text-JJ7WeffNtJ,5
Text-MAr0kn9TzG,6
Text-d7L7LiM_8L, 7
Text-J74nk3bQtk,8
Text-lG2wjcdNSI,9
Text-21uvJOV2nx,10
Text-Tq-8HzpNfA,11
Text-50L59iXoxW,12
Text-nsX8o6Trb4,13
Text-yJh8PiAZ3m,14
Text-c8CzRMMOZ0,15
Text-QWa_P-w-Os,16
Text-AdlgugT96A,17
Text-bBatq01RZf,18
Text-SMFSphU-pF,19
Text-YdVixgavnp,20
Text-X5dZUpDWlR,21
Text-Qb-Feg3rMd,22
Text-zkl6yA4zcb,23
Text-rXT4QOYkaI,24
Text--3xcB8ED3O,25
Text-CiHgkHOkbY,26
Text--JO0T6EDqL,27
Text-RBaejekzOY,28
Text-KtymP3LT-b,29
